                  epoch,         train/box_loss,         train/cls_loss,         train/dfl_loss,   metrics/precision(B),      metrics/recall(B),       metrics/mAP50(B),    metrics/mAP50-95(B),           val/box_loss,           val/cls_loss,           val/dfl_loss,                 lr/pg0,                 lr/pg1,                 lr/pg2
                      1,                 2.3189,                 8.0045,                 1.5788,                0.14421,                    0.4,                0.13756,                0.08063,                 1.1207,                 3.0656,                 0.9456,                      0,                      0,                      0
                      2,                 2.2159,                 8.6034,                 1.3731,                0.16262,                    0.3,                0.15052,                0.08264,                 1.1188,                 3.1368,                0.94079,             1.9604e-05,             1.9604e-05,             1.9604e-05
                      3,                 2.2739,                 7.0467,                 1.3538,                0.19443,                    0.3,                0.15082,                0.08376,                 1.1307,                 3.4862,                0.93579,             3.8416e-05,             3.8416e-05,             3.8416e-05
                      4,                 2.0745,                 5.3591,                 1.2266,                0.19702,                    0.4,                0.13618,                0.08628,                 1.0987,                 4.3289,                0.90986,             5.6436e-05,             5.6436e-05,             5.6436e-05
                      5,                 1.7151,                 3.9421,                 1.0811,                0.27106,                    0.5,                0.19372,                0.11544,                  1.151,                 5.0181,                0.91575,             7.3664e-05,             7.3664e-05,             7.3664e-05
                      6,                  1.624,                 2.8486,                 1.0522,                0.31488,                    0.7,                0.40374,                 0.2292,                 1.2615,                 4.9401,                0.94487,               9.01e-05,               9.01e-05,               9.01e-05
                      7,                 1.6291,                 2.9881,                 1.0472,                0.40477,                    0.7,                 0.5649,                0.31647,                 1.3199,                 3.6784,                0.99047,             0.00010574,             0.00010574,             0.00010574
                      8,                 1.4501,                 2.6324,                 1.1304,                0.74989,                    0.6,                0.64521,                0.39404,                 1.3273,                 3.6467,                 1.0049,              0.0001206,              0.0001206,              0.0001206
                      9,                 1.4616,                 1.6179,                0.96926,                0.90027,                    0.5,                0.59343,                0.39525,                 1.2988,                 5.0935,                0.99843,             0.00013466,             0.00013466,             0.00013466
                     10,                 1.2809,                 1.9328,                0.95603,                0.95073,                    0.5,                0.56847,                0.40006,                 1.2574,                  4.853,                0.98291,             0.00014792,             0.00014792,             0.00014792
                     11,                 1.3267,                 1.8402,                 1.0101,                0.87062,                0.67548,                0.77637,                 0.5403,                 1.2067,                 4.8346,                0.96779,              0.0001604,              0.0001604,              0.0001604
                     12,                 1.2462,                 1.5645,                0.98898,                0.82435,                    0.7,                0.86132,                0.58938,                 1.1537,                 4.4688,                 0.9435,             0.00017208,             0.00017208,             0.00017208
                     13,                 1.2129,                 2.2231,                0.94986,                0.86283,                    0.7,                0.90673,                0.65406,                 1.0928,                 5.6152,                 0.9142,             0.00018298,             0.00018298,             0.00018298
                     14,                 1.2904,                 1.1093,                0.90951,                0.89691,                    0.8,                0.92882,                0.64281,                 1.0958,                 5.5816,                0.90699,             0.00019308,             0.00019308,             0.00019308
                     15,                 1.2754,                 1.1985,                0.92317,                0.73932,                    0.9,                0.89601,                0.61559,                 1.1492,                 4.2386,                0.91282,             0.00020238,             0.00020238,             0.00020238
                     16,                 1.4457,                 1.4262,                 1.0359,                0.88555,                0.77598,                0.86326,                0.58145,                 1.1218,                 2.9049,                 0.9094,              0.0002109,              0.0002109,              0.0002109
                     17,                 1.1335,                 1.1983,                0.90512,                 0.8695,                    0.8,                0.90908,                0.62009,                 1.0509,                 2.3482,                 0.9004,             0.00021862,             0.00021862,             0.00021862
                     18,                   1.35,                 1.1376,                0.95982,                 0.8695,                    0.8,                0.90908,                0.62009,                 1.0509,                 2.3482,                 0.9004,             0.00022556,             0.00022556,             0.00022556
                     19,                 1.1331,                 1.1353,                0.92215,                   0.81,                    0.9,                0.90939,                0.63157,                0.98285,                 2.6259,                0.89126,              0.0002317,              0.0002317,              0.0002317
                     20,                 1.0705,                 1.0224,                0.87964,                   0.81,                    0.9,                0.90939,                0.63157,                0.98285,                 2.6259,                0.89126,             0.00023704,             0.00023704,             0.00023704
                     21,                 1.3206,                 1.0243,                0.99074,                0.47257,                    0.9,                0.71937,                0.51524,                0.93602,                 3.0453,                0.88849,              0.0002416,              0.0002416,              0.0002416
                     22,                  1.299,                 1.0284,                 1.0401,                0.47257,                    0.9,                0.71937,                0.51524,                0.93602,                 3.0453,                0.88849,             0.00024536,             0.00024536,             0.00024536
                     23,                  1.099,                0.87947,                0.89379,                0.88689,                    0.9,                0.91357,                0.70451,                0.96589,                 2.4104,                0.88799,             0.00024834,             0.00024834,             0.00024834
                     24,                 1.4585,                0.91524,                 1.0162,                0.88689,                    0.9,                0.91357,                0.70451,                0.96589,                 2.4104,                0.88799,             0.00025052,             0.00025052,             0.00025052
                     25,                 1.2659,                0.86442,                0.88747,                0.88964,                    0.9,                0.91948,                0.67639,                 1.0103,                 2.4178,                 0.9016,              0.0002519,              0.0002519,              0.0002519
                     26,                 1.0497,                0.75233,                0.88464,                0.88964,                    0.9,                0.91948,                0.67639,                 1.0103,                 2.4178,                 0.9016,              0.0002525,              0.0002525,              0.0002525
                     27,                 1.3426,                0.88039,                 1.0077,                0.89039,                    0.9,                0.90583,                0.62077,                 1.0699,                 2.4785,                0.92933,              0.0002523,              0.0002523,              0.0002523
                     28,                  1.117,                 0.9007,                0.91377,                0.89039,                    0.9,                0.90583,                0.62077,                 1.0699,                 2.4785,                0.92933,             0.00025132,             0.00025132,             0.00025132
                     29,                 1.0159,                0.85032,                0.94165,                0.97291,                    0.7,                0.82619,                0.54087,                 1.1615,                 2.4114,                0.95656,             0.00024954,             0.00024954,             0.00024954
                     30,                  1.124,                0.94614,                0.91406,                0.97291,                    0.7,                0.82619,                0.54087,                 1.1615,                 2.4114,                0.95656,             0.00024696,             0.00024696,             0.00024696
                     31,                 1.3888,                  1.014,                 1.0606,                0.92824,                    0.5,                0.68174,                0.45728,                  1.162,                 2.3044,                0.94695,              0.0002436,              0.0002436,              0.0002436
                     32,                 1.1532,                 1.0067,                 0.9561,                0.92824,                    0.5,                0.68174,                0.45728,                  1.162,                 2.3044,                0.94695,             0.00023944,             0.00023944,             0.00023944
                     33,                 1.2214,                   1.24,                0.88981,                0.75561,                    0.9,                0.85454,                0.58729,                 1.1015,                 2.0736,                0.93112,              0.0002345,              0.0002345,              0.0002345
                     34,                 1.1468,                0.86845,                0.87271,                0.75561,                    0.9,                0.85454,                0.58729,                 1.1015,                 2.0736,                0.93112,             0.00022876,             0.00022876,             0.00022876
                     35,                 1.0131,                0.83089,                0.88186,                      1,                0.86329,                0.92441,                0.65793,                 1.0485,                 1.9084,                0.91326,             0.00022222,             0.00022222,             0.00022222
                     36,                 1.0809,                0.74148,                0.91023,                      1,                0.86329,                0.92441,                0.65793,                 1.0485,                 1.9084,                0.91326,              0.0002149,              0.0002149,              0.0002149
                     37,                 1.0225,                0.78693,                0.84678,                0.95372,                    0.8,                0.88631,                0.64888,                 1.0372,                 2.0977,                0.90708,             0.00020678,             0.00020678,             0.00020678
                     38,                 1.1623,                0.81102,                0.94096,                0.95372,                    0.8,                0.88631,                0.64888,                 1.0372,                 2.0977,                0.90708,             0.00019788,             0.00019788,             0.00019788
                     39,                  1.163,                0.89088,                0.88541,                0.89942,                0.89479,                0.91726,                0.64127,                 1.0493,                  1.505,                0.90034,             0.00018818,             0.00018818,             0.00018818
                     40,                 1.0632,                0.88125,                0.95193,                0.89942,                0.89479,                0.91726,                0.64127,                 1.0493,                  1.505,                0.90034,             0.00017768,             0.00017768,             0.00017768
                     41,                  1.107,                 0.7374,                0.95262,                0.89959,                0.89635,                0.91346,                0.66139,                 1.0353,                 1.2507,                0.89036,              0.0001664,              0.0001664,              0.0001664
                     42,                0.92938,                0.74314,                0.92208,                0.89959,                0.89635,                0.91346,                0.66139,                 1.0353,                 1.2507,                0.89036,             0.00015432,             0.00015432,             0.00015432
                     43,                 1.1385,                0.85176,                0.96869,                0.89408,                    0.9,                0.93056,                0.69967,                 1.0232,                 1.1555,                0.89168,             0.00014146,             0.00014146,             0.00014146
                     44,                0.97382,                0.74062,                 0.8768,                0.89408,                    0.9,                0.93056,                0.69967,                 1.0232,                 1.1555,                0.89168,              0.0001278,              0.0001278,              0.0001278
                     45,                0.96386,                0.85671,                 0.9178,                0.89258,                    0.9,                0.96833,                0.71905,                 1.0284,                 1.0737,                0.89778,             0.00011334,             0.00011334,             0.00011334
                     46,                0.90796,                0.72929,                0.88862,                0.89258,                    0.9,                0.96833,                0.71905,                 1.0284,                 1.0737,                0.89778,               9.81e-05,               9.81e-05,               9.81e-05
                     47,                0.93532,                0.70968,                0.87986,                0.81863,                      1,                0.96833,                0.71905,                 1.0377,                 1.0411,                0.90353,             8.2064e-05,             8.2064e-05,             8.2064e-05
                     48,                0.87132,                0.71396,                0.83621,                0.81863,                      1,                0.96833,                0.71905,                 1.0377,                 1.0411,                0.90353,             6.5236e-05,             6.5236e-05,             6.5236e-05
                     49,                0.89605,                0.71928,                0.91905,                 0.9721,                    0.8,                0.95643,                0.71429,                 1.0483,                 1.0568,                0.90595,             4.7616e-05,             4.7616e-05,             4.7616e-05
                     50,                0.90425,                0.72684,                0.87692,                 0.9721,                    0.8,                0.95643,                0.71429,                 1.0483,                 1.0568,                0.90595,             2.9204e-05,             2.9204e-05,             2.9204e-05
