sent.seconds;sent.microseconds;received.seconds;received.microseconds;sampleTimeStamp.seconds;sampleTimeStamp.microseconds;groundSteering; groundSteering-calculated
1584543601;595492;1317;82285;1584543601;595492;-0; 0.0;
1584543601;695940;1317;182745;1584543601;695940;-0; 0.29246733177912604;
1584543601;796412;1317;283218;1584543601;796412;-0; 0.2924438088163082;
1584543601;896869;1317;383676;1584543601;896869;-0; 0.29235154596567453;
1584543601;997330;1317;484116;1584543601;997330;-0; 0.2922963426544046;
1584543602;97748;1317;584538;1584543602;97748;-0; 0.29226173530979;
1584543602;198536;1317;685418;1584543602;198536;-0; 0.2922420571994407;
1584543602;299408;1317;786298;1584543602;299408;-0; 0.2922479073334839;
1584543602;400103;1317;886933;1584543602;400103;-0; 0.2923774592231277;
1584543602;500683;1317;987485;1584543602;500683;-0; 0.2923281346188807;
1584543602;601246;1318;88047;1584543602;601246;-0; 0.2923112117867583;
1584543602;701708;1318;188568;1584543602;701708;-0; 0.29235415170493967;
1584543602;802245;1318;289095;1584543602;802245;-0; 0.29328454726486514;
1584543602;902804;1318;389647;1584543602;902804;-0; 0.2945355199846215;
1584543603;3319;1318;490172;1584543603;3319;-0; 0.2943589454826006;
1584543603;104063;1318;591044;1584543603;104063;-0; 0.29445613964735523;
1584543603;205232;1318;692140;1584543603;205232;-0; 0.29447436033611035;
1584543603;305413;1318;792234;1584543603;305413;-0; 0.29440792679245115;
1584543603;406480;1318;893295;1584543603;406480;-0; 0.29456910749691806;
1584543603;506255;1318;993045;1584543603;506255;-0; 0.29561694352898077;
1584543603;606695;1319;93482;1584543603;606695;-0; 0.2510193791818442;
1584543603;707127;1319;193919;1584543603;707127;-0; 0.25059325629336776;
1584543603;807564;1319;294353;1584543603;807564;-0; 0.2935492300869437;
1584543603;907991;1319;394778;1584543603;907991;-0; 0.2985396111522259;
1584543604;8640;1319;495519;1584543604;8640;-0; -0.004945629670108698;
1584543604;109619;1319;596519;1584543604;109619;-0; -0.017048929205602525;
1584543604;210241;1319;697036;1584543604;210241;-0; -0.06086630104441146;
1584543604;310713;1319;797519;1584543604;310713;-0; -0.010613122634084315;
1584543604;411353;1319;898154;1584543604;411353;-0; -0.00794480395671976;
1584543604;511818;1319;998617;1584543604;511818;-0; 0.14624856838505856;
1584543604;612264;1320;99052;1584543604;612264;-0; -0.0009299156092932304;
1584543604;712827;1320;199638;1584543604;712827;-0; 0.2854242686086563;
1584543604;813316;1320;300113;1584543604;813316;0.03298867; 0.2705175662680936;
1584543604;914078;1320;400968;1584543604;914078;0.08097139; 0.2689285975241961;
1584543605;14755;1320;501564;1584543605;14755;0.1259624; 0.28617529558017435;
1584543605;115248;1320;602045;1584543605;115248;0.1739451; -0.008887439329830826;
1584543605;215753;1320;702563;1584543605;215753;0.09297372; -0.03280820935990453;
1584543605;316289;1320;803099;1584543605;316289;0.07797969; -0.03439607688241714;
1584543605;416812;1320;903679;1584543605;416812;0.0239958; -0.0331697330681921;
1584543605;517410;1321;4210;1584543605;517410;0.01799463; 0.29604901650899723;
1584543605;617929;1321;104736;1584543605;617929;0.02099521; 0.29182492741025007;
1584543605;718841;1321;205738;1584543605;718841;0.02099521; 0.28673666858563845;
1584543605;819501;1321;306288;1584543605;819501;0.0749791; -0.022908960602282313;
1584543605;919975;1321;406766;1584543605;919975;0.08397198; 0.2814615564503717;
1584543606;20474;1321;507273;1584543606;20474;0.01500292; -0.029258064605930167;
1584543606;121121;1321;607958;1584543606;121121;0.009001753; 0.27939561320342504;
1584543606;221688;1321;708494;1584543606;221688;0.01200234; 0.2661236717491991;
1584543606;322189;1321;808982;1584543606;322189;0.05698447; 0.26666747255658935;
1584543606;422853;1321;909647;1584543606;422853;0.09896602; -0.009308147845943526;
1584543606;523717;1322;10617;1584543606;523717;0.1259624; 0.29161741234861044;
1584543606;624393;1322;111191;1584543606;624393;0.1259624; 0.27164266830422407;
1584543606;724871;1322;211668;1584543606;724871;0.128963; 0.15932999133274883;
1584543606;825387;1322;312192;1584543606;825387;0.128963; -0.0088572476288315;
1584543606;925878;1322;412671;1584543606;925878;0.128963; 0.2904032013196069;
1584543607;26350;1322;513147;1584543607;26350;0.128963; 0.2758704998532037;
1584543607;126852;1322;613662;1584543607;126852;0.1259624; 0.18501452056583134;
1584543607;227362;1322;714171;1584543607;227362;0.08097139; 0.15801781165526357;
1584543607;327869;1322;814682;1584543607;327869;0.07197852; 0.24285500896718865;
1584543607;428447;1322;915252;1584543607;428447;0.0749791; 0.2095596653869342;
1584543607;528934;1323;15732;1584543607;528934;0.0749791; 0.16903948979681088;
1584543607;629427;1323;116250;1584543607;629427;0.1139601; 0.2502274625984395;
1584543607;730002;1323;216819;1584543607;730002;0.1139601; 0.2144213806117204;
1584543607;830574;1323;317396;1584543607;830574;0.1169607; -0.006692401299854878;
1584543607;931238;1323;418063;1584543607;931238;0.1709445; -0.04119962357775231;
1584543608;31781;1323;518580;1584543608;31781;0.1409564; 0.24593710751328574;
1584543608;132274;1323;619072;1584543608;132274;0.1229618; 0.26160315949433494;
1584543608;232758;1323;719555;1584543608;232758;0.1109684; 0.2665538245824119;
1584543608;333274;1323;820083;1584543608;333274;0.01200234; 0.26139181173736986;
1584543608;433751;1323;920545;1584543608;433751;-0; 0.2332732126643468;
1584543608;534233;1324;21028;1584543608;534233;-0; 0.24310533769635106;
1584543608;634702;1324;121510;1584543608;634702;-0; 0.24370723635838093;
1584543608;735192;1324;221975;1584543608;735192;-0; 0.23830923773727503;
1584543608;835668;1324;322471;1584543608;835668;-0; 0.23305900992056433;
1584543608;936187;1324;423000;1584543608;936187;-0; 0.24720328853243373;
1584543609;36895;1324;523753;1584543609;36895;-0; 0.24477387900880138;
1584543609;137507;1324;624292;1584543609;137507;-0; 0.1996935223004267;
1584543609;238095;1324;724883;1584543609;238095;-0; 0.19907397402074117;
1584543609;338764;1324;825556;1584543609;338764;-0; 0.19530911324424782;
1584543609;439555;1324;926358;1584543609;439555;-0; 0.18625944774385733;
1584543609;540235;1325;27030;1584543609;540235;-0; 0.18401243900424208;
1584543609;640862;1325;127659;1584543609;640862;-0; 0.2759097327722773;
1584543609;741663;1325;228463;1584543609;741663;-0; 0.1911262948035924;
1584543609;842335;1325;329138;1584543609;842335;-0; -0.002622695847295353;
1584543609;943036;1325;429835;1584543609;943036;-0; 0.29539664646764546;
1584543610;43733;1325;530531;1584543610;43733;-0; -0.011641239157678174;
1584543610;144589;1325;631500;1584543610;144589;-0; -0.04227309266983764;
1584543610;245481;1325;732352;1584543610;245481;-0.01199346; 0.2838776135852476;
1584543610;346382;1325;833274;1584543610;346382;-0.02398692; -0.0010550998761716945;
1584543610;447240;1325;934035;1584543610;447240;-0.0779708; -0.03300726869939624;
1584543610;547871;1326;34662;1584543610;547871;-0.0779708; -0.06788589726128563;
1584543610;648625;1326;135422;1584543610;648625;-0.1199524; 0.17421910321360817;
1584543610;749109;1326;235899;1584543610;749109;-0.1499404; 0.16993728151865556;
1584543610;849585;1326;336366;1584543610;849585;-0.1169518; 0.23222574543382318;
1584543610;950169;1326;436958;1584543610;950169;-0.04198155; 0.18027023104510775;
1584543611;50761;1326;537552;1584543611;50761;-0.02098634; 0.24096810336983493;
1584543611;151484;1326;638280;1584543611;151484;-0; 0.2695983965110908;
1584543611;252068;1326;738865;1584543611;252068;-0; 0.2595053280266107;
1584543611;352683;1326;839489;1584543611;352683;-0; -0.03579948695179391;
1584543611;453307;1326;940104;1584543611;453307;-0; 0.22121324106812673;
1584543611;553897;1327;40695;1584543611;553897;-0; 0.2858373613024991;
1584543611;654696;1327;141561;1584543611;654696;-0; 0.26534453221893844;
1584543611;755635;1327;242513;1584543611;755635;0.05698447; 0.25874963339875173;
1584543611;856373;1327;343155;1584543611;856373;0.05698447; -0.008655574394789534;
1584543611;956903;1327;443697;1584543611;956903;0.05698447; -0.007025802193037112;
1584543612;57394;1327;544185;1584543612;57394;0.07797969; -0.0018386272156961647;
1584543612;157913;1327;644724;1584543612;157913;0.07797969; 0.29171939691326615;
1584543612;258481;1327;745286;1584543612;258481;0.07797969; -0.007663191295739502;
1584543612;359154;1327;845982;1584543612;359154;0.07797969; -0.038302308354400516;
1584543612;459855;1327;946680;1584543612;459855;0.06298564; -0.0093479254514644;
1584543612;560828;1328;47905;1584543612;560828;0.06298564; 0.28559285249275507;
1584543612;660835;1328;147776;1584543612;660835;0.06298564; 0.27300467144764157;
1584543612;761629;1328;248450;1584543612;761629;0.06298564; 0.2593920267022149;
1584543612;862274;1328;349107;1584543612;862274;0.06298564; 0.24658281831536305;
1584543612;962934;1328;449766;1584543612;962934;0.06597735; -0.010595047819833947;
1584543613;63593;1328;550432;1584543613;63593;0.06597735; 0.289383934613824;
1584543613;164299;1328;651129;1584543613;164299;0.06597735; 0.2786057796057149;
1584543613;264959;1328;751775;1584543613;264959;0.06597735; 0.2654727518994375;
1584543613;365508;1328;852304;1584543613;365508;0.06597735; -0.013614953357226234;
1584543613;466046;1328;952851;1584543613;466046;0.06597735; 0.2895869425914585;
1584543613;566557;1329;53360;1584543613;566557;0.05998505; 0.27968951856730945;
1584543613;667128;1329;153933;1584543613;667128;0.05998505; 0.2684337821531882;
1584543613;767637;1329;254432;1584543613;767637;0.05998505; 0.2554386520033283;
1584543613;868228;1329;355041;1584543613;868228;0.05998505; 0.2986568439558894;
1584543613;968803;1329;455620;1584543613;968803;0.06298564; 0.29218943475241893;
1584543614;69371;1329;556179;1584543614;69371;0.09297372; 0.2646067020299521;
1584543614;169913;1329;656715;1584543614;169913;0.09297372; -0.00736698898896615;
1584543614;270522;1329;757353;1584543614;270522;0.08397198; 0.29860191298607613;
1584543614;371213;1329;858027;1584543614;371213;0.07197852; 0.28672263345576227;
1584543614;471732;1329;958530;1584543614;471732;0.06298564; 0.2580073860373618;
1584543614;572241;1330;59037;1584543614;572241;0.0749791; -0.00448910907695288;
1584543614;672770;1330;159570;1584543614;672770;0.1229618; 0.27888861763818323;
1584543614;773309;1330;260108;1584543614;773309;0.1529499; 0.25546980417756787;
1584543614;873855;1330;360656;1584543614;873855;0.06897793; -0.011622611565370755;
1584543614;974382;1330;461179;1584543614;974382;0.0239958; 0.29186267073387756;
1584543615;74994;1330;561785;1584543615;74994;0.0239958; 0.29033793139051306;
1584543615;175515;1330;662301;1584543615;175515;0.0239958; -0.007193432607928318;
1584543615;276088;1330;762912;1584543615;276088;0.02099521; 0.2726465958440964;
1584543615;376707;1330;863524;1584543615;376707;0.08097139; 0.2490805144004084;
1584543615;477323;1330;964147;1584543615;477323;0.1079678; -0.03797923357069555;
1584543615;577959;1331;64775;1584543615;577959;0.1349553; 0.29138129867713064;
1584543615;679077;1331;165866;1584543615;679077;0.1649434; 0.28546166533467926;
1584543615;781390;1331;268188;1584543615;781390;0.1709445; 0.23338843875692167;
1584543615;881900;1331;368692;1584543615;881900;0.1709445; -0.044657396850955766;
1584543615;982389;1331;469184;1584543615;982389;0.1709445; 0.27692104339642726;
1584543616;82885;1331;569687;1584543616;82885;0.1619428; 0.2638140279203736;
1584543616;183722;1331;670619;1584543616;183722;0.02099521; 0.25762675262772333;
1584543616;284393;1331;771181;1584543616;284393;-0; 0.2498487370408647;
1584543616;384917;1331;871704;1584543616;384917;-0; 0.24432750714681334;
1584543616;485433;1331;972225;1584543616;485433;-0; 0.2545506790402939;
1584543616;585973;1332;72766;1584543616;585973;-0.1409476; 0.2937281894650831;
1584543616;686495;1332;173296;1584543616;686495;-0.290888; 0.20371038239007405;
1584543616;787027;1332;273830;1584543616;787027;-0.290888; 0.2047709859086842;
1584543616;887561;1332;374358;1584543616;887561;-0; -0.009664677893950091;
1584543616;988038;1332;474835;1584543616;988038;-0; 0.2808807670825781;
1584543617;88492;1332;575289;1584543617;88492;-0; -0.056641284073687875;
1584543617;188978;1332;675787;1584543617;188978;-0; -0.0578740508722107;
1584543617;289508;1332;776324;1584543617;289508;-0; 0.2842905041401183;
1584543617;390036;1332;876852;1584543617;390036;0.08397198; 0.22636746711284556;
1584543617;490556;1332;977374;1584543617;490556;0.1109684; 0.2748036930660546;
1584543617;591183;1333;77989;1584543617;591183;-0; 0.27873592911709116;
1584543617;692352;1333;179242;1584543617;692352;-0; -0.008768098358371557;
1584543617;792067;1333;278902;1584543617;792067;-0; 0.2458330569005473;
1584543617;892659;1333;379481;1584543617;892659;-0; -0.019296661172344076;
1584543617;993179;1333;479984;1584543617;993179;-0.1859297; 0.17044307632230477;
1584543618;93662;1333;580464;1584543618;93662;-0.1229529; -0.006047577903388224;
1584543618;194185;1333;680998;1584543618;194185;-0; 0.2923059004006949;
1584543618;294798;1333;781630;1584543618;294798;-0; 0.18008110105745995;
1584543618;395611;1333;882528;1584543618;395611;-0; 0.2679153458607771;
1584543618;496380;1333;983214;1584543618;496380;-0; 0.19969198678790084;
1584543618;597037;1334;83875;1584543618;597037;0.1559505; -0.03134485209411325;
1584543618;697666;1334;184498;1584543618;697666;0.281904; -0.0013806517264547402;
1584543618;798212;1334;284996;1584543618;798212;-0; 0.17532121056929467;
1584543618;898687;1334;385472;1584543618;898687;-0; -0.1061283639119556;
1584543618;999224;1334;486059;1584543618;999224;-0; -0.04754584218854674;
1584543619;99870;1334;586710;1584543619;99870;-0; 0.23917003653125463;
1584543619;200760;1334;687649;1584543619;200760;-0.1979232; 0.2710448166449218;
1584543619;301682;1334;788513;1584543619;301682;-0; 0.2910662489850035;
1584543619;402337;1334;889132;1584543619;402337;-0; -0.005039787906515547;
1584543619;502915;1334;989739;1584543619;502915;-0; -0.19835554595115396;
1584543619;603536;1335;90369;1584543619;603536;-0; 0.21063271471191908;
1584543619;704129;1335;190922;1584543619;704129;0.1319547; 0.19770974207336772;
1584543619;804676;1335;291478;1584543619;804676;0.143957; 0.1732634315888354;
1584543619;905162;1335;391956;1584543619;905162;0.06298564; 0.2521727710037562;
1584543620;5700;1335;492509;1584543620;5700;-0; 0.280295737134808;
1584543620;106215;1335;593007;1584543620;106215;-0; 0.28188318537730955;
1584543620;206787;1335;693585;1584543620;206787;-0; 0.26707692424237156;
1584543620;307264;1335;794053;1584543620;307264;-0; 0.2828849549746489;
1584543620;407725;1335;894518;1584543620;407725;-0; 0.2703388990349966;
1584543620;508195;1335;994983;1584543620;508195;0.1469487; 0.27808172006089366;
1584543620;608661;1336;95448;1584543620;608661;0.1769457; -0.01102035258052464;
1584543620;709129;1336;195928;1584543620;709129;0.1769457; 0.23631755541058003;
1584543620;809657;1336;296467;1584543620;809657;0.1739451; 0.23206055832234934;
1584543620;910203;1336;397067;1584543620;910203;0.1709445; 0.2530137383466354;
1584543621;10800;1336;497619;1584543621;10800;0.1469487; -0.040380960174596525;
1584543621;111423;1336;598223;1584543621;111423;-0; -0.019353590193084136;
1584543621;212145;1336;698948;1584543621;212145;-0.1229529; 0.2710167731636987;
1584543621;312653;1336;799451;1584543621;312653;-0.2459059; -0.0024044320544084896;
1584543621;413142;1336;899990;1584543621;413142;0.0239958; 0.15872405193156586;
1584543621;513691;1337;536;1584543621;513691;0.1379559; 0.2473604856405353;
1584543621;614282;1337;101122;1584543621;614282;0.1619428; 0.29730130082614253;
1584543621;714816;1337;201664;1584543621;714816;0.1349553; -0.03646333986450795;
1584543621;815341;1337;302191;1584543621;815341;0.1349553; -0.017430843737170132;
1584543621;915861;1337;402719;1584543621;915861;0.1229618; 0.18465794754109416;
1584543622;16616;1337;503502;1584543622;16616;0.1259624; 0.2729675940337321;
1584543622;118402;1337;605779;1584543622;118402;0.1259624; 0.2511229699223379;
1584543622;219629;1337;706488;1584543622;219629;0.1259624; 0.26640256399615264;
1584543622;319474;1337;806345;1584543622;319474;0.1259624; 0.23342653601480617;
1584543622;420178;1337;906971;1584543622;420178;0.1259624; 0.20476258415527443;
1584543622;520664;1338;7517;1584543622;520664;0.1259624; 0.2153564368356446;
1584543622;621361;1338;108173;1584543622;621361;0.1229618; 0.17665310086037073;
1584543622;721846;1338;208631;1584543622;721846;0.1259624; 0.2987381117990629;
1584543622;822272;1338;309057;1584543622;822272;0.1259624; 0.27358464108691;
1584543622;922766;1338;409549;1584543622;922766;0.1259624; 0.24803197015761252;
1584543623;23210;1338;509999;1584543623;23210;0.1259624; 0.22356232348972688;
1584543623;123680;1338;610477;1584543623;123680;0.1259624; 0.2951090698129241;
1584543623;224188;1338;710994;1584543623;224188;0.128963; 0.2823690934146548;
1584543623;324677;1338;811473;1584543623;324677;0.1259624; 0.27164202248966535;
1584543623;425180;1338;911993;1584543623;425180;0.128963; -0.03887192069142581;
1584543623;525695;1339;12497;1584543623;525695;0.1199612; -0.03504134862826214;
1584543623;626353;1339;113232;1584543623;626353;-0; -0.03950014079338765;
1584543623;727434;1339;214340;1584543623;727434;-0; -0.0428966811869822;
1584543623;828141;1339;314955;1584543623;828141;-0; -0.061921572473702446;
1584543623;928647;1339;415445;1584543623;928647;-0; 0.20693043179016718;
1584543624;29089;1339;515875;1584543624;29089;-0; -0.07196586451936482;
1584543624;129529;1339;616327;1584543624;129529;-0; 0.19307199903695899;
1584543624;229996;1339;716784;1584543624;229996;-0; 0.19462671074412757;
1584543624;330422;1339;817209;1584543624;330422;0.05998505; 0.21566046245989806;
1584543624;430886;1339;917737;1584543624;430886;0.1889392; -0.024142270895526674;
1584543624;531408;1340;18201;1584543624;531408;-0; 0.1927722576187899;
1584543624;631872;1340;118668;1584543624;631872;-0; 0.21845143738771172;
1584543624;732384;1340;219185;1584543624;732384;-0; 0.20090887199950097;
1584543624;832896;1340;319698;1584543624;832896;-0; -0.04297645227073216;
1584543624;933413;1340;420200;1584543624;933413;-0; 0.22221162086864638;
1584543625;33928;1340;520737;1584543625;33928;0.07197852; 0.19957077191410594;
1584543625;134466;1340;621269;1584543625;134466;0.2249284; 0.2721190768711554;
1584543625;235071;1340;721858;1584543625;235071;0.1799374; 0.24834975569593548;
1584543625;335655;1340;822444;1584543625;335655;-0; 0.2734864280802219;
1584543625;436256;1340;923043;1584543625;436256;-0; 0.1805571671694613;
1584543625;536853;1341;23643;1584543625;536853;-0; 0.2716059944714461;
1584543625;637425;1341;124217;1584543625;637425;-0; 0.16063645743403182;
1584543625;738019;1341;224807;1584543625;738019;-0; 0.2441997537294171;
1584543625;838649;1341;325438;1584543625;838649;-0; -0.12510250287506364;
1584543625;939359;1341;426153;1584543625;939359;-0; 0.27660189917122663;
1584543626;39914;1341;526704;1584543626;39914;-0; -0.10658215430014861;
1584543626;140375;1341;627161;1584543626;140375;-0; 0.2897659514109711;
1584543626;240819;1341;727614;1584543626;240819;-0; 0.24413048340849147;
1584543626;341740;1341;828635;1584543626;341740;-0; 0.24376950396213154;
1584543626;442600;1341;929448;1584543626;442600;-0; 0.24745133140699177;
1584543626;543328;1342;30164;1584543626;543328;-0; 0.2784612204159666;
1584543626;644198;1342;131076;1584543626;644198;-0; 0.26162000682398107;
1584543626;744973;1342;231768;1584543626;744973;0.03598926; 0.257304145820664;
1584543626;845601;1342;332407;1584543626;845601;0.06597735; 0.25090357454706863;
1584543626;946200;1342;433011;1584543626;946200;0.0239958; 0.26881986062487667;
1584543627;46797;1342;533603;1584543627;46797;0.0239958; 0.23785711980051633;
1584543627;147468;1342;634289;1584543627;147468;0.0239958; 0.258387225434528;
1584543627;248137;1342;734938;1584543627;248137;0.0239958; 0.25334414734245675;
1584543627;348600;1342;835386;1584543627;348600;0.0239958; -0.08574317130886314;
1584543627;449314;1342;936186;1584543627;449314;0.02099521; -0.043939153213531035;
1584543627;549914;1343;36704;1584543627;549914;-0; -0.05999524397935779;
1584543627;650428;1343;137219;1584543627;650428;-0; -0.07377315969277565;
1584543627;750947;1343;237827;1584543627;750947;-0; -0.01042723949516916;
1584543627;851613;1343;338408;1584543627;851613;-0; 0.22206755556611596;
1584543627;952158;1343;438962;1584543627;952158;-0; 0.21718522549803382;
1584543628;52719;1343;539525;1584543628;52719;-0.002991707; -0.01964792617513289;
1584543628;153299;1343;640096;1584543628;153299;-0.03297979; 0.24886987003167554;
1584543628;253918;1343;740722;1584543628;253918;-0.1169518; 0.2556975246917423;
1584543628;354493;1343;841294;1584543628;354493;-0.08696368; 0.24961738304836284;
1584543628;455070;1343;941872;1584543628;455070;-0; 0.2423668524133677;
1584543628;555622;1344;42424;1584543628;555622;-0; 0.24377890387542117;
1584543628;656193;1344;142991;1584543628;656193;-0; 0.24670477048972156;
1584543628;756739;1344;243540;1584543628;756739;-0; 0.24633566601433127;
1584543628;857206;1344;343994;1584543628;857206;-0; -0.12908291023252683;
1584543628;957794;1344;444596;1584543628;957794;-0; 0.2615342786047042;
1584543629;58422;1344;545242;1584543629;58422;-0; 0.2544062727126209;
1584543629;159173;1344;645983;1584543629;159173;-0; 0.2643613106457245;
1584543629;259768;1344;746568;1584543629;259768;-0; 0.2857135244789624;
1584543629;360393;1344;847199;1584543629;360393;-0; -0.037760765183688094;
1584543629;461061;1344;947907;1584543629;461061;-0; -0.04702513617876569;
1584543629;561732;1345;48540;1584543629;561732;-0; 0.27160944647512436;
1584543629;662477;1345;149358;1584543629;662477;-0; 0.13680598988376697;
1584543629;763466;1345;250369;1584543629;763466;0.05998505; 0.26804864690877245;
1584543629;864200;1345;351017;1584543629;864200;0.01500292; 0.21395361497397908;
1584543629;964906;1345;451723;1584543629;964906;-0; 0.264077343387955;
1584543630;65459;1345;552255;1584543630;65459;0.003000584; 0.20395358564034655;
1584543630;166011;1345;652817;1584543630;166011;0.08997314; 0.15538036873203792;
1584543630;266563;1345;753370;1584543630;266563;0.08697256; 0.2998720007083349;
1584543630;367202;1345;854026;1584543630;367202;0.08997314; 0.2799208067184676;
1584543630;467788;1345;954586;1584543630;467788;0.1619428; 0.2289720738311522;
1584543630;568375;1346;55188;1584543630;568375;0.1889392; 0.29663142235101175;
1584543630;668935;1346;155746;1584543630;668935;-0; 0.10770174326995224;
1584543630;769635;1346;256465;1584543630;769635;-0; 0.06255579761461161;
1584543630;870240;1346;357057;1584543630;870240;0.08097139; 0.07647389335020827;
1584543630;970856;1346;457763;1584543630;970856;0.1619428; 0.2225183118213297;
1584543631;71573;1346;558372;1584543631;71573;-0; 0.009632564891584483;
1584543631;172125;1346;658940;1584543631;172125;0.1649434; 0.25674559428047034;
1584543631;272870;1346;759750;1584543631;272870;0.2159267; 0.27904740393023825;
1584543631;373551;1346;860344;1584543631;373551;0.1949314; 0.28776807849317904;
1584543631;474004;1346;960789;1584543631;474004;0.07197852; -0.01177851601824681;
1584543631;574538;1347;61343;1584543631;574538;0.2099344; 0.1450717987312164;
1584543631;675075;1347;161868;1584543631;675075;0.2099344; 0.28098043017134805;
1584543631;775567;1347;262372;1584543631;775567;0.0749791; -0.07781341943254333;
1584543631;876085;1347;362883;1584543631;876085;-0; 0.24669205311759174;
1584543631;976641;1347;463446;1584543631;976641;-0; -0.026758090227616327;
1584543632;77437;1347;564366;1584543632;77437;-0; -0.004949039215332907;
1584543632;178096;1347;664893;1584543632;178096;-0; 0.20803459762075088;
1584543632;278580;1347;765383;1584543632;278580;0.1379559; 0.2925058546401276;
1584543632;379167;1347;865982;1584543632;379167;0.197932; 0.25432562056449354;
1584543632;479758;1347;966570;1584543632;479758;0.07197852; 0.261971924849486;
1584543632;580259;1348;67069;1584543632;580259;0.01799463; 0.24956913026372168;
1584543632;680762;1348;167566;1584543632;680762;-0; 0.18218062950226172;
1584543632;781382;1348;268190;1584543632;781382;-0; 0.24592099279981355;
1584543632;881882;1348;368684;1584543632;881882;-0; 0.235483826518397;
1584543632;982441;1348;469261;1584543632;982441;-0; 0.22942148739358198;
1584543633;82988;1348;569805;1584543633;82988;-0; 0.22191315656456362;
1584543633;183575;1348;670390;1584543633;183575;-0; 0.248332495159497;
1584543633;284158;1348;770971;1584543633;284158;-0; -0.018250778409466595;
1584543633;384709;1348;871529;1584543633;384709;-0; -0.02929508824824195;
1584543633;485255;1348;972066;1584543633;485255;-0; 0.2439427065386494;
1584543633;585822;1349;72637;1584543633;585822;-0; 0.2410079183594192;
1584543633;686322;1349;173122;1584543633;686322;-0; 0.2382265279112898;
1584543633;786860;1349;273692;1584543633;786860;-0; 0.24114866016965025;
1584543633;887488;1349;374311;1584543633;887488;-0; 0.28843950917642164;
1584543633;988104;1349;474927;1584543633;988104;-0; 0.21526441389858647;
1584543634;88739;1349;575610;1584543634;88739;-0; -0.028190800182273712;
1584543634;189399;1349;676212;1584543634;189399;-0; -0.000223751894470825;
1584543634;290157;1349;777089;1584543634;290157;-0; -0.05371404721421014;
1584543634;391190;1349;878024;1584543634;391190;-0; 0.2957748759917372;
1584543634;491842;1349;978654;1584543634;491842;-0; 0.2929850971857569;
1584543634;592467;1350;79285;1584543634;592467;-0; 0.23136541352589973;
1584543634;692961;1350;179747;1584543634;692961;-0; 0.2858468708398641;
1584543634;793530;1350;280345;1584543634;793530;-0; 0.28084092870685556;
1584543634;894011;1350;380797;1584543634;894011;-0; 0.2738071207841621;
1584543634;994455;1350;481244;1584543634;994455;0.03298867; 0.2725734354965514;
1584543635;95193;1350;581984;1584543635;95193;0.09597431; 0.27749480740086646;
1584543635;195724;1350;682547;1584543635;195724;0.09297372; 0.22458695046065807;
1584543635;296317;1350;783133;1584543635;296317;0.09297372; -0.006451131840512214;
1584543635;396851;1350;883664;1584543635;396851;0.1319547; 0.17203018841230466;
1584543635;497429;1350;984249;1584543635;497429;0.1259624; 0.25251949704377147;
1584543635;597993;1351;84816;1584543635;597993;0.1259624; 0.29688779017635664;
1584543635;698491;1351;185287;1584543635;698491;0.1259624; 0.2712843659349307;
1584543635;799094;1351;285934;1584543635;799094;0.1169607; -0.011169801502019627;
1584543635;899739;1351;386554;1584543635;899739;0.1019666; 0.2872371548556018;
1584543636;271;1351;487094;1584543636;271;0.1019666; 0.2640003379177543;
1584543636;100915;1351;587863;1584543636;100915;0.1019666; 0.2461711798223845;
1584543636;201682;1351;688535;1584543636;201682;0.1019666; 0.2903382135236167;
1584543636;302353;1351;789182;1584543636;302353;0.09597431; 0.2736214563121174;
1584543636;402961;1351;889752;1584543636;402961;0.08697256; 0.13788259836806377;
1584543636;503417;1351;990204;1584543636;503417;0.08697256; -0.018408143448495562;
1584543636;603942;1352;90756;1584543636;603942;0.08697256; 0.23539127917524844;
1584543636;704462;1352;191257;1584543636;704462;0.07797969; -0.032314176575831466;
1584543636;804923;1352;291718;1584543636;804923;-0; -0.005279015299825773;
1584543636;905407;1352;392195;1584543636;905407;-0; -0.03428232563243233;
1584543637;5884;1352;492673;1584543637;5884;-0; -0.0027104682983523087;
1584543637;106409;1352;593208;1584543637;106409;0.003000584; -0.005668825284689982;
1584543637;207073;1352;693934;1584543637;207073;0.08997314; -0.03500793564690763;
1584543637;307931;1352;794803;1584543637;307931;0.08997314; 0.26467405533299554;
1584543637;408831;1352;895697;1584543637;408831;0.08997314; 0.27982744320916114;
1584543637;509479;1352;996282;1584543637;509479;0.08997314; 0.2430967368728944;
1584543637;609993;1353;96785;1584543637;609993;0.06298564; 0.22061616127285683;
1584543637;710492;1353;197280;1584543637;710492;0.06298564; 0.19678442016412273;
1584543637;810916;1353;297817;1584543637;810916;0.06298564; 0.1792454566918958;
1584543637;911500;1353;398291;1584543637;911500;0.06298564; -0.008385299733349838;
1584543638;11972;1353;498771;1584543638;11972;0.01500292; 0.2791714571288029;
1584543638;112481;1353;599274;1584543638;112481;-0; 0.24778933754521776;
1584543638;212961;1353;699759;1584543638;212961;-0.0269875; 0.27432988747828574;
1584543638;313476;1353;800276;1584543638;313476;-0.1229529; 0.2249720423547948;
1584543638;414040;1353;900843;1584543638;414040;-0.1229529; 0.2800432362324862;
1584543638;514530;1354;1327;1584543638;514530;-0.1259535; -0.017361768972966762;
1584543638;614973;1354;101775;1584543638;614973;-0.1289541; -0.007587423154773343;
1584543638;715470;1354;202269;1584543638;715470;-0.0839631; -0.026160324528860968;
1584543638;816017;1354;302822;1584543638;816017;-0.08096252; 0.18351114311951755;
1584543638;916519;1354;403313;1584543638;916519;-0.01798575; -0.017594320991840995;
1584543639;17102;1354;504072;1584543639;17102;-0.02098634; 0.17021193908523374;
1584543639;117775;1354;604564;1584543639;117775;-0.03898096; 0.1758740646272789;
1584543639;218200;1354;704984;1584543639;218200;-0.03297979; 0.18346767885906623;
1584543639;318626;1354;805411;1584543639;318626;-0.01798575; 0.24626903306539089;
1584543639;419105;1354;905892;1584543639;419105;-0.03598038; 0.2686558409688295;
1584543639;519565;1355;6359;1584543639;519565;-0; 0.2872285163073854;
1584543639;620395;1355;107303;1584543639;620395;-0; -0.06298653040303057;
1584543639;721145;1355;207984;1584543639;721145;0.0239958; -0.04386586379735663;
1584543639;821710;1355;308536;1584543639;821710;0.06298564; 0.27131936558874786;
1584543639;922223;1355;409034;1584543639;922223;0.05998505; 0.2727260227046106;
1584543640;22706;1355;509499;1584543640;22706;0.05698447; -0.044986565361593234;
1584543640;123171;1355;609990;1584543640;123171;0.0509833; -0.007964427094811155;
1584543640;223860;1355;710677;1584543640;223860;0.02999697; 0.21616720867284583;
1584543640;324513;1355;811311;1584543640;324513;0.02099521; -0.017387420130072218;
1584543640;425273;1355;912157;1584543640;425273;0.03298867; 0.20371456677032768;
1584543640;525875;1356;12666;1584543640;525875;0.05998505; 0.15563453161094293;
1584543640;626334;1356;113133;1584543640;626334;0.05998505; 0.2777084627181032;
1584543640;726798;1356;213594;1584543640;726798;0.09597431; 0.2422363296757259;
1584543640;827301;1356;314114;1584543640;827301;0.1049672; 0.2880349907990393;
1584543640;927819;1356;414650;1584543640;927819;0.1049672; 0.2627543588326752;
1584543641;28334;1356;515135;1584543641;28334;0.1049672; 0.24125771804682922;
1584543641;128823;1356;615625;1584543641;128823;0.09297372; 0.28463898093227563;
1584543641;229610;1356;716511;1584543641;229610;0.07197852; 0.2685028710439366;
1584543641;330443;1356;817237;1584543641;330443;0.05998505; -0.014646735824509538;
1584543641;431110;1356;917939;1584543641;431110;0.05998505; -0.002724847763642624;
1584543641;531718;1357;18511;1584543641;531718;0.05998505; 0.2728381126057548;
1584543641;632308;1357;119103;1584543641;632308;0.05998505; -0.010764721049525638;
1584543641;732866;1357;219675;1584543641;732866;0.05998505; -0.004902521874089294;
1584543641;833432;1357;320238;1584543641;833432;0.05998505; 0.14330750051995306;
1584543641;934091;1357;420884;1584543641;934091;0.08097139; 0.28799854532744956;
1584543642;34746;1357;521542;1584543642;34746;0.08397198; 0.2722472381770252;
1584543642;135377;1357;622188;1584543642;135377;0.08097139; -0.007824870373474846;
1584543642;236098;1357;722896;1584543642;236098;0.0749791; -0.0003863123448512584;
1584543642;336634;1357;823438;1584543642;336634;0.0749791; 0.28939459199928314;
1584543642;437118;1357;923912;1584543642;437118;0.07797969; 0.26251426026060715;
1584543642;538111;1358;24906;1584543642;538111;0.07797969; 0.2601007065208804;
1584543642;638814;1358;125606;1584543642;638814;0.07797969; -0.030948911416440683;
1584543642;739432;1358;226231;1584543642;739432;0.07797969; 0.2971949061543168;
1584543642;840110;1358;326902;1584543642;840110;0.07797969; 0.2676535079726838;
1584543642;940697;1358;427483;1584543642;940697;0.07797969; 0.2665382365413623;
1584543643;41367;1358;528166;1584543643;41367;0.07797969; 0.24869976183075698;
1584543643;142165;1358;628988;1584543643;142165;0.07797969; 0.2876237939604274;
1584543643;242811;1358;729631;1584543643;242811;0.07797969; 0.279229223099223;
1584543643;343551;1358;830385;1584543643;343551;0.0749791; 0.2685742237081061;
1584543643;444523;1358;931415;1584543643;444523;0.06298564; 0.14716439461742775;
1584543643;545522;1359;32435;1584543643;545522;0.06298564; -0.0073695244550235905;
1584543643;646710;1359;133557;1584543643;646710;0.06298564; 0.2991076480592741;
1584543643;747375;1359;234177;1584543643;747375;0.1079678; 0.2670570842355559;
1584543643;847933;1359;334757;1584543643;847933;0.1079678; -0.05429472795699683;
1584543643;948569;1359;435392;1584543643;948569;0.1049672; 0.15994734192072385;
1584543644;49203;1359;536039;1584543644;49203;0.09597431; 0.2240328691258398;
1584543644;149867;1359;636685;1584543644;149867;0.0749791; -0.041632095927726154;
1584543644;250505;1359;737318;1584543644;250505;0.0749791; 0.2426123808048442;
1584543644;351352;1359;838197;1584543644;351352;0.0749791; 0.2172743963158244;
1584543644;451993;1359;938796;1584543644;451993;0.05998505; 0.2857037728078972;
1584543644;552609;1360;39431;1584543644;552609;-0.02398692; -0.1222282748417575;
1584543644;653267;1360;140090;1584543644;653267;-0.1109595; 0.27731220253292305;
1584543644;753927;1360;240762;1584543644;753927;-0; -0.008384834818234654;
1584543644;854609;1360;341433;1584543644;854609;-0; -0.026040988009726596;
1584543644;955267;1360;442077;1584543644;955267;-0; 0.2738220505960632;
1584543645;55908;1360;542728;1584543645;55908;-0; 0.25032832282192957;
1584543645;156471;1360;643276;1584543645;156471;-0; 0.14855052765777255;
1584543645;257109;1360;743917;1584543645;257109;0.2519159; -0.0010952504281713238;
1584543645;357768;1360;844588;1584543645;357768;-0; 0.2581460344656968;
1584543645;458397;1360;945216;1584543645;458397;-0; 0.25639176894113175;
1584543645;559011;1361;45840;1584543645;559011;-0; 0.26164533151425534;
1584543645;659663;1361;146482;1584543645;659663;-0; 0.2218178986961003;
1584543645;760273;1361;247089;1584543645;760273;-0; 0.2167575447632178;
1584543645;860893;1361;347793;1584543645;860893;-0; 0.2135876331931133;
1584543645;961613;1361;448417;1584543645;961613;-0; 0.20724633105187845;
1584543646;62200;1361;549014;1584543646;62200;-0; 0.183034349698812;
1584543646;162792;1361;649598;1584543646;162792;-0; 0.22252321265972547;
1584543646;263403;1361;750233;1584543646;263403;-0; 0.22339610719690522;
1584543646;364046;1361;850849;1584543646;364046;-0; 0.23502393952892292;
1584543646;464689;1361;951516;1584543646;464689;-0; 0.1611297031923914;
1584543646;565371;1362;52201;1584543646;565371;-0; 0.21485406892788045;
1584543646;666137;1362;152964;1584543646;666137;-0; 0.2661261661145093;
1584543646;766833;1362;253656;1584543646;766833;-0; 0.21615539454441685;
1584543646;867424;1362;354246;1584543646;867424;-0; 0.21366114581346657;
1584543646;968074;1362;454906;1584543646;968074;-0; 0.2810769218417562;
1584543647;68767;1362;555582;1584543647;68767;0.05698447; 0.2615148245482258;
1584543647;169403;1362;656209;1584543647;169403;0.01500292; 0.26629022275257413;
1584543647;270036;1362;756841;1584543647;270036;-0; 0.226201817541347;
1584543647;370640;1362;857441;1584543647;370640;-0; 0.2982751554728495;
1584543647;471364;1362;958158;1584543647;471364;-0; 0.2495401454556913;
1584543647;571945;1363;58743;1584543647;571945;0.05698447; 0.299264572128719;
1584543647;672526;1363;159341;1584543647;672526;0.05698447; 0.2826368123601652;
1584543647;773144;1363;259977;1584543647;773144;0.05698447; 0.2894826455789042;
1584543647;873956;1363;360828;1584543647;873956;0.07797969; -0.030706977228360466;
1584543647;974712;1363;461552;1584543647;974712;0.08397198; 0.2597429960353446;
1584543648;75422;1363;562254;1584543648;75422;0.08397198; 0.23698895392498714;
1584543648;176047;1363;662868;1584543648;176047;0.08097139; -0.024915372302198868;
1584543648;276721;1363;763552;1584543648;276721;0.08097139; 0.2836622407927603;
1584543648;377369;1363;864187;1584543648;377369;0.08097139; 0.2938730707050819;
1584543648;477991;1363;964803;1584543648;477991;0.08097139; 0.27141544313787874;
1584543648;578548;1364;65346;1584543648;578548;0.1019666; 0.25156088237825275;
1584543648;679356;1364;166276;1584543648;679356;0.1109684; -0.04986654472050406;
1584543648;780128;1364;266969;1584543648;780128;0.26691; -0.053045455815803055;
1584543648;880680;1364;367491;1584543648;880680;0.290888; -0.05823106542442491;
1584543648;981322;1364;468152;1584543648;981322;0.290888; -0.02500558547411985;
1584543649;81937;1364;568765;1584543649;81937;0.290888; 0.25461898973847014;
1584543649;182576;1364;669394;1584543649;182576;0.290888; -0.011002109636824464;
1584543649;283150;1364;769944;1584543649;283150;0.290888; 0.1650560372845727;
1584543649;383690;1364;870507;1584543649;383690;0.290888; 0.2509378269451485;
1584543649;484610;1364;971545;1584543649;484610;-0; -0.023765906253627178;
1584543649;584369;1365;71164;1584543649;584369;-0.1499404; -0.02339729603620494;
1584543649;684888;1365;171694;1584543649;684888;-0; -0.06644055349882758;
1584543649;785606;1365;272448;1584543649;785606;-0; -0.014389857195896028;
1584543649;886313;1365;373137;1584543649;886313;-0; 0.2526944902592457;
1584543649;986850;1365;473654;1584543649;986850;-0; 0.16919932229919682;
1584543650;87440;1365;574267;1584543650;87440;-0; -0.10894368713445884;
1584543650;188019;1365;674849;1584543650;188019;-0; 0.24694736429113612;
1584543650;288549;1365;775352;1584543650;288549;-0; 0.24727146548109918;
1584543650;388998;1365;875800;1584543650;388998;-0; 0.28208565372113165;
1584543650;489560;1365;976386;1584543650;489560;-0; 0.2930303916937235;
1584543650;590146;1366;76976;1584543650;590146;-0; -0.008815866527970395;
1584543650;690745;1366;177561;1584543650;690745;-0; -0.18223568139062862;
1584543650;791371;1366;278176;1584543650;791371;-0; -0.17161449218430438;
1584543650;891839;1366;378641;1584543650;891839;-0; -0.1948682843242131;
1584543650;992324;1366;479134;1584543650;992324;-0; -0.21845171669732028;
1584543651;92812;1366;579615;1584543651;92812;-0; -0.02714970058873184;
1584543651;193289;1366;680096;1584543651;193289;-0; -0.039278913254257586;
1584543651;293751;1366;780538;1584543651;293751;0.1649434; -0.04995494017394342;
1584543651;394202;1366;880986;1584543651;394202;0.182938; 0.26205146325473755;
1584543651;494643;1366;981428;1584543651;494643;0.05998505; 0.2648138027484183;
1584543651;595177;1367;81987;1584543651;595177;-0; 0.21669465098188206;
1584543651;695743;1367;182547;1584543651;695743;-0; 0.20733045788976617;
1584543651;796295;1367;283101;1584543651;796295;-0; 0.2247253506039248;
1584543651;896837;1367;383643;1584543651;896837;-0; 0.22068287034587492;
1584543651;997300;1367;484097;1584543651;997300;-0; 0.21776132296686873;
1584543652;97756;1367;584555;1584543652;97756;-0; -0.0228848893752836;
1584543652;198356;1367;685160;1584543652;198356;-0; -0.032993033049129594;
1584543652;298798;1367;785595;1584543652;298798;-0; 0.24546976936238935;
1584543652;399526;1367;886409;1584543652;399526;-0.1649345; 0.26612269625899115;
1584543652;500184;1367;986993;1584543652;500184;-0; 0.21553280929798074;
1584543652;600638;1368;87429;1584543652;600638;-0; 0.21594362442877318;
1584543652;701238;1368;188047;1584543652;701238;-0; 0.21873022572356643;
1584543652;801759;1368;288552;1584543652;801759;-0; -0.027817666231380322;
1584543652;902213;1368;389009;1584543652;902213;-0; 0.24449585555150316;
1584543653;2644;1368;489434;1584543653;2644;-0; -0.008708312320937328;
1584543653;103068;1368;589857;1584543653;103068;-0; -0.0275034579799302;
1584543653;203492;1368;690283;1584543653;203492;-0; -0.045628817718688486;
1584543653;303923;1368;790716;1584543653;303923;-0; 0.24243078391164824;
1584543653;404352;1368;891143;1584543653;404352;-0; 0.28732972786874494;
1584543653;504785;1368;991577;1584543653;504785;0.1319547; 0.29641661553400295;
1584543653;605226;1369;92013;1584543653;605226;0.1769457; 0.279739008702742;
1584543653;705723;1369;192515;1584543653;705723;0.1709445; -0.003261687173668426;
1584543653;806275;1369;293087;1584543653;806275;0.1199612; 0.1918209205745986;
1584543653;906782;1369;393579;1584543653;906782;0.08997314; 0.28668230612403295;
1584543654;7288;1369;494083;1584543654;7288;0.05698447; 0.01743492231317334;
1584543654;107744;1369;594526;1584543654;107744;-0; 0.29745367983262266;
1584543654;208156;1369;694951;1584543654;208156;-0.1319458; 0.2942242240286144;
1584543654;308591;1369;795389;1584543654;308591;-0.01499404; 0.015526394988914283;
1584543654;409049;1369;895833;1584543654;409049;0.290888; 0.2846252202379364;
1584543654;509457;1369;996249;1584543654;509457;0.290888; 0.02807838129188811;
1584543654;609913;1370;96707;1584543654;609913;0.2579171; -0.24480325790434093;
1584543654;710358;1370;197146;1584543654;710358;0.2429142; -0.1603352617906917;
1584543654;810824;1370;297616;1584543654;810824;0.2609088; 0.16984788461082645;
1584543654;911338;1370;398129;1584543654;911338;0.2459148; 0.22298196124722375;
1584543655;11826;1370;498617;1584543655;11826;0.1889392; 0.27330849977539157;
1584543655;112310;1370;599105;1584543655;112310;0.09297372; 0.22434703251457683;
1584543655;212816;1370;699619;1584543655;212816;-0; 0.28895086350336824;
1584543655;313326;1370;800124;1584543655;313326;-0; 0.263605974176552;
1584543655;413848;1370;900643;1584543655;413848;-0.04198155; 0.26975941574883117;
1584543655;514341;1371;1139;1584543655;514341;-0; 0.29774024069531607;
1584543655;614896;1371;101699;1584543655;614896;-0; 0.24316290549633318;
1584543655;715457;1371;202274;1584543655;715457;0.02699638; 0.23614727712556988;
1584543655;816134;1371;303005;1584543655;816134;0.05998505; 0.22520297616494495;
1584543655;916705;1371;403508;1584543655;916705;0.1259624; 0.24180719656937594;
1584543656;17332;1371;504141;1584543656;17332;0.1709445; 0.16787681081376477;
1584543656;118272;1371;605123;1584543656;118272;0.08997314; 0.0;
1584543656;218917;1371;705741;1584543656;218917;0.003000584; 0.1893782467481756;
1584543656;319591;1371;806392;1584543656;319591;-0; 0.2191527374624887;
1584543656;420141;1371;906949;1584543656;420141;-0.02398692; 0.21669950880856886;
1584543656;520713;1372;7513;1584543656;520713;-0.1319458; 0.21865996888931888;
1584543656;621414;1372;108233;1584543656;621414;-0; 0.2446588532530683;
1584543656;722300;1372;209231;1584543656;722300;-0; 0.24672173498140632;
1584543656;823089;1372;309924;1584543656;823089;-0; 0.25594219200940155;
1584543656;923699;1372;410503;1584543656;923699;-0; 0.26337459056491325;
1584543657;24294;1372;511099;1584543657;24294;-0; 0.2578382847890612;
1584543657;124901;1372;611721;1584543657;124901;-0; 0.2678194342296872;
1584543657;226099;1372;712950;1584543657;226099;-0; -0.052198705176380145;
1584543657;325700;1372;812493;1584543657;325700;-0; -0.0516165591004229;
1584543657;426228;1372;913017;1584543657;426228;-0; 0.29952718340270473;
1584543657;526875;1373;13741;1584543657;526875;-0; 0.2999788525258719;
1584543657;627546;1373;114343;1584543657;627546;-0; 0.29815496618114995;
1584543657;728060;1373;214847;1584543657;728060;0.09597431; 0.29521818552598217;
1584543657;828578;1373;315364;1584543657;828578;0.09597431; -0.005426948656552966;
1584543657;929367;1373;416159;1584543657;929367;0.09297372; 0.20320707069282679;
1584543658;30031;1373;516814;1584543658;30031;0.09297372; -0.00729815195613065;
1584543658;130663;1373;617448;1584543658;130663;0.09297372; 0.27508956408969437;
1584543658;231438;1373;718225;1584543658;231438;0.09297372; 0.22310987966889256;
1584543658;332385;1373;819253;1584543658;332385;0.09297372; 0.1956836542421822;
1584543658;433127;1373;919954;1584543658;433127;0.197932; 0.16761013663815;
1584543658;533865;1374;20711;1584543658;533865;0.1769457; 0.2715920940416762;
1584543658;634666;1374;121467;1584543658;634666;0.1379559; 0.28811557910940405;
1584543658;735720;1374;222675;1584543658;735720;0.1319547; 0.27025657046431;
1584543658;836292;1374;323136;1584543658;836292;0.1319547; -0.0036372852499377273;
1584543658;936258;1374;423157;1584543658;936258;0.009001753; 0.2769788997132298;
1584543659;37109;1374;523939;1584543659;37109;-0; 0.24724565742874;
1584543659;138024;1374;624930;1584543659;138024;-0; 0.2548808590326041;
1584543659;238992;1374;725840;1584543659;238992;-0; 0.25071024527574254;
1584543659;339635;1374;826459;1584543659;339635;-0; 0.24638789920973964;
1584543659;440447;1374;927261;1584543659;440447;0.2549165; 0.22886421799004802;
1584543659;541237;1375;28093;1584543659;541237;0.1859386; -0.0528313632859532;
1584543659;642078;1375;128904;1584543659;642078;0.09297372; 0.2648369865542782;
1584543659;742827;1375;229689;1584543659;742827;0.290888; 0.24307669957208272;
1584543659;843726;1375;330635;1584543659;843726;0.290888; 0.2125941841288272;
1584543659;944718;1375;431597;1584543659;944718;-0; 0.1617269273976914;
1584543660;45457;1375;532267;1584543660;45457;-0; 0.2876658828380085;
1584543660;146035;1375;632829;1584543660;146035;-0; 0.27167186461800835;
1584543660;246749;1375;733569;1584543660;246749;-0; 0.2932650907021322;
1584543660;347434;1375;834248;1584543660;347434;0.09896602; 0.27678042999187863;
1584543660;448163;1375;934975;1584543660;448163;0.290888; 0.2943447689335232;
1584543660;548938;1376;35748;1584543660;548938;0.2219278; 0.26619824036760836;
1584543660;649690;1376;136500;1584543660;649690;-0; -0.009976169930471845;
1584543660;750379;1376;237200;1584543660;750379;-0; 0.15953655367331415;
1584543660;851173;1376;338018;1584543660;851173;-0; -0.03774554024694776;
1584543660;951952;1376;438782;1584543660;951952;-0.05097442; 0.20529894626979123;
1584543661;52704;1376;539537;1584543661;52704;-0.2549076; 0.2446689318060113;
1584543661;153502;1376;640333;1584543661;153502;-0; 0.2651656328410141;
1584543661;254293;1376;741122;1584543661;254293;-0; -0.022561455683307363;
1584543661;355172;1376;842006;1584543661;355172;-0.01499404; -0.014592556740506024;
1584543661;456242;1376;943151;1584543661;456242;-0.04498214; 0.23622005754026038;
1584543661;556246;1377;43081;1584543661;556246;-0.1319458; 0.22898872070977444;
1584543661;657005;1377;143834;1584543661;657005;-0.1409476; 0.2624829057003418;
1584543661;757792;1377;244620;1584543661;757792;-0.09296485; -0.01781805573289791;
1584543661;858535;1377;345365;1584543661;858535;-0.03598038; -0.07501954398293995;
1584543661;959265;1377;446093;1584543661;959265;-0.03598038; -0.010548206977794516;
1584543662;59972;1377;546798;1584543662;59972;-0.01798575; -0.024743644084870453;
1584543662;160786;1377;647610;1584543662;160786;-0.01499404; -0.04729726030969339;
1584543662;262210;1377;749107;1584543662;262210;-0.08096252; -0.0854595290375813;
1584543662;362115;1377;848931;1584543662;362115;-0.0839631; -0.033541274482923655;
1584543662;463142;1377;949978;1584543662;463142;-0.08096252; 0.1536872697960589;
1584543662;564486;1378;51276;1584543662;564486;-0.08096252; 0.1600841316959974;
1584543662;665056;1378;152510;1584543662;665056;-0.02098634; 0.17125694241001416;
1584543662;765398;1378;252214;1584543662;765398;-0; 0.17723791285314838;
1584543662;866078;1378;352896;1584543662;866078;-0; -0.010169045828716583;
1584543662;966734;1378;453552;1584543662;966734;-0; -0.0029473761016721167;
1584543663;67827;1378;554782;1584543663;67827;-0; -0.001103925790495841;
1584543663;167850;1378;654683;1584543663;167850;-0; 0.2983664685057918;
1584543663;268547;1378;755370;1584543663;268547;-0; 0.29415946813455734;
1584543663;369246;1378;856083;1584543663;369246;0.1409564; 0.2985558557337971;
1584543663;469957;1378;956784;1584543663;469957;0.2039332; -0.004152829463323127;
1584543663;570723;1379;57564;1584543663;570723;0.2009326; 0.19503256349060982;
1584543663;671639;1379;158481;1584543663;671639;0.1619428; 0.24846270618686012;
1584543663;772516;1379;259354;1584543663;772516;0.06597735; 0.2962219090711988;
1584543663;873722;1379;360609;1584543663;873722;-0; -0.06466295224236496;
1584543663;974512;1379;461327;1584543663;974512;-0; -0.04926002845390859;
1584543664;75192;1379;562016;1584543664;75192;-0; 0.29197484856181716;
1584543664;175928;1379;662757;1584543664;175928;-0; 0.2938171893267321;
1584543664;276679;1379;763504;1584543664;276679;-0; 0.2962849813749782;
1584543664;377317;1379;864141;1584543664;377317;0.09896602; 0.2755110377734212;
1584543664;477939;1379;964751;1584543664;477939;0.143957; 0.27524674012974165;
1584543664;578496;1380;65343;1584543664;578496;0.143957; 0.27311986821347883;
1584543664;679218;1380;166059;1584543664;679218;0.06897793; -0.0069110983978520335;
1584543664;779904;1380;266727;1584543664;779904;0.02999697; 0.27654343520338437;
1584543664;880761;1380;367585;1584543664;880761;0.01200234; -0.0158508207775217;
1584543664;981519;1380;468363;1584543664;981519;0.05698447; -0.015932041783988438;
1584543665;82192;1380;569025;1584543665;82192;0.1259624; -0.011083436432673621;
1584543665;182919;1380;669752;1584543665;182919;0.1379559; -0.001203314367717534;
1584543665;283759;1380;770565;1584543665;283759;0.1379559; 0.2815896152125908;
1584543665;384756;1380;871653;1584543665;384756;0.07797969; 0.2559856504659566;
1584543665;485600;1380;972427;1584543665;485600;-0; -0.05185313011080045;
1584543665;586351;1381;73157;1584543665;586351;-0; -0.024843668224620863;
1584543665;687036;1381;173838;1584543665;687036;0.04199043; -0.025579535611902182;
1584543665;787799;1381;274656;1584543665;787799;0.08697256; 0.29264050518357515;
1584543665;888532;1381;375378;1584543665;888532;0.05998505; 0.14903134084108333;
1584543665;989412;1381;476259;1584543665;989412;0.1019666; 0.2991099650543531;
1584543666;90298;1381;577109;1584543666;90298;0.1319547; 0.2861381370035592;
1584543666;191480;1381;678413;1584543666;191480;0.1259624; 0.2574265499846982;
1584543666;291850;1381;778722;1584543666;291850;0.0479916; -0.035530697258449206;
1584543666;392562;1381;879358;1584543666;392562;0.01799463; 0.29425451783063866;
1584543666;493195;1381;980011;1584543666;493195;0.1349553; -0.07656585293115484;
1584543666;593786;1382;80647;1584543666;593786;0.07197852; 0.2615726855190647;
1584543666;694502;1382;181320;1584543666;694502;-0; 0.2384925032870931;
1584543666;795271;1382;282066;1584543666;795271;-0; -0.0004892180376742106;
1584543666;895844;1382;382656;1584543666;895844;0.1319547; 0.2741978537723075;
1584543666;996480;1382;483279;1584543666;996480;0.1619428; 0.2891185987178955;
1584543667;97434;1382;584302;1584543667;97434;0.167944; 0.2646259677381448;
1584543667;198612;1382;685541;1584543667;198612;0.1739451; -0.0021732352067193594;
1584543667;298458;1382;785263;1584543667;298458;0.1709445; -0.03898911352692358;
1584543667;399023;1382;885806;1584543667;399023;0.1589511; 0.17070603819141283;
1584543667;499754;1382;986593;1584543667;499754;0.009001753; 0.21134744031072866;
1584543667;600352;1383;87159;1584543667;600352;-0.04198155; 0.21619216634033328;
1584543667;700944;1383;187813;1584543667;700944;-0.1589422; -0.006035504357893462;
1584543667;801605;1383;288407;1584543667;801605;-0; -0.006541532163741981;
1584543667;902578;1383;389369;1584543667;902578;-0; -0.05488441016179668;
1584543668;3282;1383;490340;1584543668;3282;-0; -0.02115535988557876;
1584543668;104115;1383;590925;1584543668;104115;-0; 0.20877434295766145;
1584543668;204630;1383;691422;1584543668;204630;-0; 0.18970340825925497;
1584543668;305060;1383;791857;1584543668;305060;-0; 0.1861181709727457;
1584543668;405539;1383;892341;1584543668;405539;0.08097139; 0.18246019027922;
1584543668;506065;1383;992879;1584543668;506065;0.0749791; 0.2717334356498518;
1584543668;606567;1384;93364;1584543668;606567;-0; 0.23981542033672026;
1584543668;707012;1384;193804;1584543668;707012;-0; 0.22720208702118033;
1584543668;807730;1384;294638;1584543668;807730;-0; -0.019310621272348616;
1584543668;908469;1384;395281;1584543668;908469;-0; -0.10591521694616263;
1584543669;8925;1384;495714;1584543669;8925;-0; 0.23214106398097484;
1584543669;109357;1384;596145;1584543669;109357;-0; 0.229681105739671;
1584543669;209796;1384;696593;1584543669;209796;-0; 0.2502954428499962;
1584543669;310234;1384;797034;1584543669;310234;-0; 0.22532064730953988;
1584543669;410749;1384;897548;1584543669;410749;-0; 0.22225396338747677;
1584543669;511285;1384;998084;1584543669;511285;-0; 0.22292610609434532;
1584543669;611732;1385;98618;1584543669;611732;-0; 0.21974008980678789;
1584543669;712279;1385;199078;1584543669;712279;-0; 0.21769884691016766;
1584543669;812741;1385;299527;1584543669;812741;-0; 0.24213756035331918;
1584543669;913168;1385;399961;1584543669;913168;0.01500292; 0.24002773990688903;
1584543670;13609;1385;500416;1584543670;13609;0.1019666; 0.23942673059405212;
1584543670;114086;1385;600883;1584543670;114086;-0; 0.23167344890515978;
1584543670;214571;1385;701357;1584543670;214571;-0; 0.24433839876799096;
1584543670;314993;1385;801781;1584543670;314993;-0; 0.20723454985853046;
1584543670;415469;1385;902262;1584543670;415469;-0; 0.24328513685600656;
1584543670;515919;1386;2713;1584543670;515919;-0; 0.21850289108608428;
1584543670;616458;1386;103254;1584543670;616458;-0; 0.24830195733762878;
1584543670;716941;1386;203739;1584543670;716941;-0; 0.10047400329684109;
1584543670;817404;1386;304194;1584543670;817404;-0; 0.250927398203499;
1584543670;917857;1386;404642;1584543670;917857;-0; 0.2547785348843114;
1584543671;18713;1386;505589;1584543671;18713;-0; -0.049072529344648175;
1584543671;119591;1386;606416;1584543671;119591;-0; -0.08295295583453197;
1584543671;220086;1386;706879;1584543671;220086;-0; -0.04168826813752052;
1584543671;320506;1386;807292;1584543671;320506;-0; -0.0005640178033237131;
1584543671;420931;1386;907851;1584543671;420931;0.07197852; 0.2467583492499324;
1584543671;521540;1387;8327;1584543671;521540;0.0749791; 0.2442079500266225;
1584543671;622014;1387;108810;1584543671;622014;0.0749791; 0.23042098107826298;
1584543671;722470;1387;209268;1584543671;722470;0.07197852; -0.03827467505254678;
1584543671;823284;1387;310157;1584543671;823284;0.1229618; -0.01672780893566067;
1584543671;924041;1387;410898;1584543671;924041;0.1349553; 0.25155570354580753;
1584543672;24878;1387;511709;1584543672;24878;0.1349553; 0.27318063252881125;
1584543672;125404;1387;612200;1584543672;125404;0.1349553; 0.26209342706570743;
1584543672;225987;1387;712795;1584543672;225987;0.1349553; 0.15438701468979282;
1584543672;326505;1387;813292;1584543672;326505;0.1889392; -0.03419021083665852;
1584543672;427004;1387;913798;1584543672;427004;0.2219278; 0.29622767550384627;
1584543672;527632;1388;14424;1584543672;527632;0.09597431; 0.24224942035562097;
1584543672;628833;1388;115710;1584543672;628833;-0; 0.17880188923319268;
1584543672;729549;1388;216363;1584543672;729549;-0; 0.2756269486389676;
1584543672;830130;1388;316968;1584543672;830130;0.1349553; 0.19147524898827656;
1584543672;930734;1388;417531;1584543672;930734;0.1889392; 0.19403708677541404;
1584543673;31428;1388;518229;1584543673;31428;0.1409564; 0.2377767659278554;
1584543673;131980;1388;618784;1584543673;131980;-0; 0.16653393388803434;
1584543673;232785;1388;719620;1584543673;232785;-0; -0.05439372828202707;
1584543673;333452;1388;820291;1584543673;333452;-0; -0.050155257481596716;
1584543673;434361;1388;921267;1584543673;434361;-0; -0.054351598848395355;
1584543673;535197;1389;21987;1584543673;535197;0.07197852; -0.05992474233699899;
1584543673;636011;1389;122892;1584543673;636011;0.2159267; -0.06453957785409858;
1584543673;736646;1389;223441;1584543673;736646;0.08697256; 0.21534123927518684;
1584543673;837281;1389;324094;1584543673;837281;-0; 0.2021963654684416;
1584543673;937955;1389;424766;1584543673;937955;-0; 0.2674560366399031;
1584543674;38548;1389;525355;1584543674;38548;-0; 0.2667731691047062;
1584543674;139190;1389;625994;1584543674;139190;-0; 0.26765827101216105;
1584543674;239753;1389;726564;1584543674;239753;-0; 0.2720168795409575;
1584543674;340398;1389;827215;1584543674;340398;-0; 0.2744426058314621;
1584543674;441185;1389;928046;1584543674;441185;-0; -0.0021424303491663355;
1584543674;541934;1390;28751;1584543674;541934;-0; -0.005335885657710038;
1584543674;642546;1390;129361;1584543674;642546;-0; 0.2753661544135723;
1584543674;743222;1390;230060;1584543674;743222;0.01200234; -0.009042556752642927;
1584543674;843934;1390;330761;1584543674;843934;0.1079678; 0.18974123199355747;
1584543674;944609;1390;431442;1584543674;944609;-0; -0.015963225767527178;
1584543675;45313;1390;532139;1584543675;45313;-0; 0.2980452490084004;
1584543675;145997;1390;632824;1584543675;145997;-0; 0.287893225502647;
1584543675;246709;1390;733538;1584543675;246709;-0; 0.17074366043475075;
1584543675;347410;1390;834245;1584543675;347410;-0; 0.17420498242012156;
1584543675;448228;1390;935066;1584543675;448228;0.003000584; 0.1785662573292911;
1584543675;548898;1391;35734;1584543675;548898;0.1799374; 0.25707109173355663;
1584543675;649602;1391;136468;1584543675;649602;-0; 0.2523830521908233;
1584543675;750337;1391;237206;1584543675;750337;-0; 0.2174500088998767;
1584543675;851194;1391;338034;1584543675;851194;-0; 0.2245128760628034;
1584543675;951862;1391;438685;1584543675;951862;-0; -0.03923065895599487;
1584543676;52405;1391;539219;1584543676;52405;-0; -0.057760180170710856;
1584543676;152957;1391;639778;1584543676;152957;-0; 0.2941764531061157;
1584543676;253584;1391;740401;1584543676;253584;-0.02398692; 0.15608210510787035;
1584543676;354224;1391;841060;1584543676;354224;-0.236913; 0.07799364758650074;
1584543676;454919;1391;941762;1584543676;454919;-0; 0.04911789786967147;
1584543676;555615;1392;42450;1584543676;555615;-0; 0.2439468641969585;
1584543676;656204;1392;143014;1584543676;656204;-0; -0.025588993610364763;
1584543676;757011;1392;243847;1584543676;757011;-0.2639005; 0.22745261221558094;
1584543676;857819;1392;344669;1584543676;857819;-0; 0.22742788054688806;
1584543676;958593;1392;445423;1584543676;958593;-0; 0.21941733820726123;
1584543677;59325;1392;546157;1584543677;59325;-0; -0.014299742530940907;
1584543677;160060;1392;646893;1584543677;160060;-0; -0.04387463453867951;
1584543677;260754;1392;747589;1584543677;260754;-0; 0.27650418649347935;
1584543677;361429;1392;848232;1584543677;361429;0.1769457; 0.13802612514808432;
1584543677;462002;1392;948820;1584543677;462002;0.1379559; 0.2829612086178525;
1584543677;562636;1393;49450;1584543677;562636;0.08097139; 0.28190508263980624;
1584543677;663279;1393;150109;1584543677;663279;0.281904; 0.2566294871569084;
1584543677;763948;1393;250780;1584543677;763948;-0; 0.2918079869695845;
1584543677;864585;1393;351409;1584543677;864585;-0; 0.27644897292359244;
1584543677;965249;1393;452071;1584543677;965249;-0; 0.21250103016665017;
1584543678;65933;1393;552767;1584543678;65933;-0; -0.009245118883932923;
1584543678;166626;1393;653453;1584543678;166626;-0; -0.056760331005148046;
1584543678;267196;1393;753990;1584543678;267196;0.02999697; -0.013893440829587989;
1584543678;367773;1393;854588;1584543678;367773;0.1889392; 0.2575692633198626;
1584543678;468644;1393;955555;1584543678;468644;0.1889392; 0.2611446326377101;
1584543678;569708;1394;56570;1584543678;569708;0.1889392; 0.24552601999284468;
1584543678;670443;1394;157257;1584543678;670443;0.1889392; 0.18478663432539238;
1584543678;771147;1394;258002;1584543678;771147;0.1559505; 0.09630137943797729;
1584543678;871859;1394;358698;1584543678;871859;0.08397198; 0.04144720136326152;
1584543678;972532;1394;459369;1584543678;972532;0.07797969; -0.26157346555279826;
1584543679;73201;1394;560046;1584543679;73201;0.07797969; 0.11903360391873441;
1584543679;173890;1394;660720;1584543679;173890;0.07797969; -0.1467301703213342;
1584543679;274493;1394;761297;1584543679;274493;0.07797969; -0.10594720541159705;
1584543679;375115;1394;861935;1584543679;375115;0.1139601; -0.056562486371080634;
1584543679;475736;1394;962551;1584543679;475736;0.1169607; 0.27202525682381;
1584543679;576351;1395;63172;1584543679;576351;0.1139601; -0.004917627634012378;
1584543679;677011;1395;163836;1584543679;677011;0.08697256; 0.2940490081361348;
1584543679;777642;1395;264456;1584543679;777642;0.08697256; 0.27594749077041075;
1584543679;878336;1395;365175;1584543679;878336;0.0749791; -0.08317057804223157;
1584543679;978986;1395;465788;1584543679;978986;0.0749791; -0.08600765066224245;
1584543680;79526;1395;566317;1584543680;79526;0.06597735; -0.02558287069074322;
1584543680;180056;1395;666856;1584543680;180056;0.02099521; 0.2982728831133918;
1584543680;280545;1395;767334;1584543680;280545;-0; 0.2726481284361079;
1584543680;381138;1395;867946;1584543680;381138;-0; 0.24315542087211023;
1584543680;481646;1395;968438;1584543680;481646;-0; 0.24053648700544733;
1584543680;582204;1396;69024;1584543680;582204;-0; 0.24645772714963504;
1584543680;682835;1396;169637;1584543680;682835;-0; 0.26721410613831226;
1584543680;783375;1396;270178;1584543680;783375;-0; 0.24557830735274372;
1584543680;883943;1396;370758;1584543680;883943;0.02699638; 0.250683758151603;
1584543680;984474;1396;471271;1584543680;984474;0.02699638; 0.20749612417473856;
1584543681;85094;1396;571924;1584543681;85094;-0; -0.023512101256924656;
1584543681;185803;1396;672651;1584543681;185803;0.02099521; -0.04174318699143237;
1584543681;286413;1396;773207;1584543681;286413;0.006001169; 0.18490406117664188;
1584543681;387091;1396;873913;1584543681;387091;-0; -0.008413095620523559;
1584543681;487664;1396;974483;1584543681;487664;-0; -0.0018840502838285422;
1584543681;588222;1397;75021;1584543681;588222;-0; -0.011783225609429848;
1584543681;688858;1397;175698;1584543681;688858;-0; 0.14869792217484562;
1584543681;789460;1397;276274;1584543681;789460;-0; 0.24140287607180216;
1584543681;890015;1397;376837;1584543681;890015;-0; 0.2919022997785616;
1584543681;990538;1397;477331;1584543681;990538;-0; 0.2914917652121591;
1584543682;91060;1397;577870;1584543682;91060;-0; 0.2948507277793801;
1584543682;191558;1397;678358;1584543682;191558;-0; 0.2082679365406222;
1584543682;291991;1397;778785;1584543682;291991;-0; 0.20181977874209983;
1584543682;392418;1397;879210;1584543682;392418;-0; 0.19841508882855713;
1584543682;492854;1397;979643;1584543682;492854;-0; 0.196303063923422;
1584543682;593268;1398;80063;1584543682;593268;-0; 0.19606722233589813;
1584543682;693719;1398;180517;1584543682;693719;-0; 0.19440205935119198;
1584543682;794142;1398;280937;1584543682;794142;-0; 0.19202941280653552;
1584543682;894559;1398;381352;1584543682;894559;-0; 0.18855851485940128;
1584543682;994987;1398;481781;1584543682;994987;-0; 0.19077399924598476;
1584543683;95420;1398;582243;1584543683;95420;-0; 0.1958528062267368;
1584543683;195897;1398;682707;1584543683;195897;-0; 0.19160731303148493;
1584543683;296354;1398;783154;1584543683;296354;-0; 0.1895851894538904;
1584543683;396805;1398;883602;1584543683;396805;-0; 0.1956821321792565;
1584543683;497238;1398;984043;1584543683;497238;-0; 0.19828483650385315;
1584543683;597914;1399;84797;1584543683;597914;-0; 0.1983923826339683;
1584543683;698822;1399;185711;1584543683;698822;-0; 0.1914698789639508;
1584543683;799567;1399;286372;1584543683;799567;-0; 0.19856354100567158;
1584543683;900013;1399;386813;1584543683;900013;-0; 0.19852167963564615;
